page,title,header,body1
chat,TRI-CA,Chat with an AI agent,
consent,TRI-CA,Example Consent Information,"<p>
This survey is part of a study conducted by Dr. Naama Ilany-Tzur at Carnegie Mellon University.
</p>
<h3>
Purpose 
</h3>
<p>
The purpose of the study is to survey human-AI interactions.
</p>
<h3>
Procedure 
</h3>
<p>
Next, you will be redirected to a webpage in which you will be asked to answer a few questions. The expected duration of participation is no more than 10 minutes.
</p>
<h3>
Participant Requirements
</h3>
<p>
Participation in this study is limited to individuals aged 18 and older.
</p>
<h3>
Risk 
</h3>
<p>
The risks and discomfort associated with participation in this study are no greater than those ordinarily encountered in daily life or during other online activities. Specifically, there is the risk of disclosing personal information. If you feel any discomfort, you should end your participation immediately.
</p>
<h3>
Benefits
</h3>
<p>
There may be no personal benefit from your participation in the study but the knowledge received may be of value the general understanding of how users are interacting with AI agents and what affects these interaction.
</p>
<h3>
Compensation & Costs
</h3>
<p>
Upon completion your participation, you will receive a code which you will then be asked to paste into canvas. Please make sure you reach the final page and copy the completion code. There will be no cost to you if you participate in this study
</p>
<h3>
Future Use of Information 
</h3>
<p>
In the future once we have removed all identifiable information from your data, we may use it for our research studies, or we may distribute the data to other researchers for their research studies. We would do this without getting additional informed consent from you. Sharing of data with other researchers will only be done in such a manner that you will not be identified.
</p>
<h3>
Confidentiality
</h3>
<p>
The data captured for the research does not include any personally identifiable information about you. Your IP address will not be captured.
The study will collect your research data through your use of a Salesforce web server. This company is not owned by CMU. The company will have access to the research data that you produce and any identifiable information that you share with them while using their product. Please note that CMU does not control the Terms and Conditions of the company or how they will use or protect any information that they collect.
</p>
<h3>
Right to Ask Questions & Contact Information
</h3>
<p>
If you have any questions about this study, you should feel free to ask them by contacting the Principal Investigator now at nilanytz@andrew.cmu.edu. If you have questions later, desire additional information, or wish to withdraw your participation, please contact the Principal Investigator by e-mail in accordance with the contact information listed above.  
<br>
If you have questions pertaining to your rights as a research participant, or you wish to report concerns, you should contact the Office of Research integrity and Compliance at Carnegie Mellon University.  Email: irb-review@andrew.cmu.edu . Phone: 412-268-4721.
</p>
<h3>
Voluntary Participation
</h3>
<p>
Your participation in this research is voluntary. You may discontinue participation at any time during the research activity. You may print a copy of this consent form for your records. 
</p>
<p>
Please indicate your agreement or disagreement with the following by selecting ""Yes"" or ""No"":
</p>"
pre_questionnaire,TRI-CA,Please read the following instructions,
post_questionnaire,TRI-CA,Thank you for participating,
session_ended,TRI-CA,Thank You for participating in the study.<br/>,
error,TRI-CA,We are sorry - an error has occurred. Please close your browser and try again,
welcome_code,TRI-CA,Welcome ,Please enter your access code
user_preferences,TRI-CA,Welcome to the ChatLab experiment website,On the next page you will be asked to engage with an AI agent. Please personalize your preferences: